use baseballstats;

INSERT INTO team VALUES ('00001','Washington College', 'Centennial', '300 Washington Ave', 'Chestertown', 'MD', '21620', '22', '11', '0');
INSERT INTO team VALUES ('00002','McDaniel College', 'Centennial', '2 College Hill', 'Westminster', 'MD', '21157', '9', '12', '0');
INSERT INTO team VALUES ('00003','Haverford College', 'Centennial', '370 Lancaster Ave', 'Haverford', 'MD', '19041', '14', '14', '0');
INSERT INTO team VALUES ('00004','Dickinson College', 'Centennial', '28 N College St', 'Carlisle', 'PA', '17013', '6', '6', '0');
INSERT INTO team VALUES ('00005','Franklin & Marshall College', 'Centennial', '415 Harrisburg Ave', 'Lancaster', 'PA', '17603', '12', '13', '2');
INSERT INTO team VALUES ('00006','Muhlenburg College', 'Centennial', '2400 W Chew St', 'Allentown', 'PA', '18104', '12', '16', '0');
INSERT INTO team VALUES ('00007','Swarthmore College', 'Centennial', '500 College Ave', 'Swarthmore', 'PA', '19801', '22', '8', '0');
INSERT INTO team VALUES ('00008','Johns Hopkins University', 'Centennial', '3101 Wyman Park Drive', 'Baltimore', 'MD', '21218', '20', '10', '0');
INSERT INTO team VALUES ('00009','Ursinus College', 'Centennial', '610 E Main Street', 'Collegeville', 'PA', '19426', '19', '14', '1');
INSERT INTO team VALUES ('00010','Gettysburg College', 'Centennial', '300 N Washington St', 'Gettysburg', 'PA', '17325', '9', '18', '0');



INSERT INTO player VALUES ('11200', '00008', 'Mike', 'Ainsworth', '11', 'C', 'R/R', '5-11', '180', 'SO');
INSERT INTO player VALUES ('12800', '00008', 'Jack', 'Archer', '27', 'P', 'R/R', '6-3', '175', 'FR');
INSERT INTO player VALUES ('29000', '00001', 'Aaron', 'Barclay', '29', 'IF', 'R/R', '6-0', '185', 'JR');
INSERT INTO player VALUES ('12000', '00001', 'Mike', 'Bartels', '11', 'P', 'L/R', '6-0', '175', 'SR');
INSERT INTO player VALUES ('60000', '00001', 'Chris', 'Bauers', '6', 'OF', 'R/R', '5-10', '165', 'SR');
INSERT INTO player VALUES ('28000', '00001', 'Alex', 'Bendzlowicz', '28', 'IF', 'L/R', '6-0', '195', 'FR');
INSERT INTO player VALUES ('11000', '00001', 'Billy', 'Benson', '10', 'P', 'R/R', '5-10', '185', 'JR');
INSERT INTO player VALUES ('98000', '00008', 'Preston', 'Betz', '8', 'P', 'R/R', '5-11', '165', 'JR');
INSERT INTO player VALUES ('94000', '00008', 'Nick', 'Bodner', '4', 'P', 'R/R', '6-2', '190', 'SR');
INSERT INTO player VALUES ('13300', '00008', 'Dillon', 'Bowman', '31', 'IF', 'R/R', '6-3', '190', 'SO');
INSERT INTO player VALUES ('36000', '00001', 'Nick', 'Brauer', '35', 'P', 'R/R', '6-3', '185', 'FR');
INSERT INTO player VALUES ('40000', '00001', 'Tommy', 'Buckman', '4', 'OF', 'L/L', '5-11', '160', 'SO');
INSERT INTO player VALUES ('12700', '00008', 'Jack', 'Bunting', '26', 'P', 'R/R', '6-1', '195', 'JR');
INSERT INTO player VALUES ('12600', '00008', 'Nick', 'Burns', '25', 'P', 'L/L', '6-1', '210', 'SR');
INSERT INTO player VALUES ('12200', '00008', 'Frank', 'Clara', '21', 'IF', 'R/R', '6-5', '210', 'SR');
INSERT INTO player VALUES ('10000', '00001', 'TC', 'Conrad', '1', 'OF', 'R/R', '5-10', '160', 'JR');
INSERT INTO player VALUES ('11100', '00008', 'Alex', 'Darwich', '10', 'C', 'R/R', '5-10', '190', 'SR');
INSERT INTO player VALUES ('13400', '00008', 'Nate', 'Davis', '32', 'IF', 'R/R', '5-10', '190', 'SO');
INSERT INTO player VALUES ('99000', '00008', 'Chris', 'DeGiacomo', '9', 'OF', 'R/R', '6-0', '200', 'SR');
INSERT INTO player VALUES ('17000', '00001', 'Aaron', 'Deutsch', '17', 'IF', 'R/R', '5-9', '165', 'FR');
INSERT INTO player VALUES ('23000', '00001', 'Ryan', 'Donnely', '23', 'OF', 'R/R', '6-3', '200', 'SR');
INSERT INTO player VALUES ('95000', '00008', 'John', 'Donohue', '5', 'P', 'R/R', '5-8', '170', 'JR');
INSERT INTO player VALUES ('90000', '00001', 'Luke', 'DOstilio', '9', 'IF', 'R/R', '5-7', '175', 'JR');
INSERT INTO player VALUES ('22000', '00001', 'Evan', 'Dumont', '22', 'C', 'R/R', '6-2', '210', 'FR');
INSERT INTO player VALUES ('97000', '00008', 'Mike', 'Eberle', '7', 'IF', 'R/R', '6-0', '200', 'SO');
INSERT INTO player VALUES ('92000', '00008', 'Robby', 'Faris', '2', 'IF', 'R/R', '5-7', '170', 'SO');
INSERT INTO player VALUES ('34000', '00001', 'Jay', 'Felts', '33', 'IF', 'R/R', '6-1', '200', 'JR');
INSERT INTO player VALUES ('13500', '00008', 'Chris', 'Festa', '33', 'OF', 'L/L', '6-1', '195', 'SO');
INSERT INTO player VALUES ('11700', '00008', 'Harrison', 'Folk', '17', 'P', 'R/R', '5-11', '190', 'JR');
INSERT INTO player VALUES ('13900', '00008', 'Brandon', 'Fremin', '37', 'C', 'R/R', '5-6', '160', 'FR');
INSERT INTO player VALUES ('14000', '00001', 'Matt', 'Furlong', '13', 'P', 'R/R', '6-0', '165', 'SO');
INSERT INTO player VALUES ('18000', '00001', 'Dom', 'Giandonato', '18', 'P', 'R/R', '6-0', '195', 'JR');
INSERT INTO player VALUES ('70000', '00001', 'CJ', 'Gilmer', '7', 'IF', 'R/R', '5-11', '180', 'FR');
INSERT INTO player VALUES ('13600', '00008', 'David', 'Glass', '34', 'P', 'R/R', '6-2', '195', 'JR');
INSERT INTO player VALUES ('12300', '00008', 'Jake', 'Griffin', '22', 'P', 'R/R', '6-0', '170', 'FR');
INSERT INTO player VALUES ('41000', '00001', 'Max', 'Hammond', '44', 'IF', 'L/R', '6-6', '250', 'SO');
INSERT INTO player VALUES ('11300', '00008', 'Josh', 'Hejka', '13', 'P', 'R/R', '5-11', '160', 'JR');
INSERT INTO player VALUES ('31000', '00001', 'Evan', 'Hirschbaum', '30', 'OF', 'R/R', '6-2', '235', 'SR');
INSERT INTO player VALUES ('15000', '00001', 'David', 'Hudak', '14', 'OF', 'L/L', '5-6', '135', 'FR');
INSERT INTO player VALUES ('11400', '00008', 'Zach', 'Jaffe', '14', 'OF', 'B/R', '5-10', '190', 'SR');
INSERT INTO player VALUES ('26000', '00001', 'Brian', 'Kasey', '26', 'P', 'R/R', '6-3', '220', 'SR');
INSERT INTO player VALUES ('50000', '00001', 'Jack', 'Kingman', '5', 'IF', 'R/R', '5-10', '200', 'FR');
INSERT INTO player VALUES ('93000', '00008', 'Adam', 'Kohl', '3', 'IF', 'R/R', '5-9', '170', 'SO');
INSERT INTO player VALUES ('13000', '00001', 'Chris', 'Kremedas', '12', 'OF', 'R/R', '6-1', '170', 'SO');
INSERT INTO player VALUES ('11800', '00008', 'Tim', 'Kutcher', '18', 'OF', 'R/R', '5-8', '185', 'JR');
INSERT INTO player VALUES ('91000', '00008', 'Nick', 'Li', '1', 'OF', 'L/L', '5-10', '160', 'FR');
INSERT INTO player VALUES ('12400', '00008', 'Brian', 'Linton', '23', 'OF', 'R/R', '6-0', '180', 'FR');
INSERT INTO player VALUES ('25000', '00001', 'Chris', 'Lollo', '25', 'P', 'L/L', '6-0', '200', 'FR');
INSERT INTO player VALUES ('96000', '00008', 'Mark', 'Lopez', '6', 'OF', 'R/R', '5-10', '175', 'FR');
INSERT INTO player VALUES ('30000', '00001', 'Joe', 'Lozupone', '3', 'IF', 'R/R', '5-11', '175', 'SR');
INSERT INTO player VALUES ('13800', '00008', 'Pete', 'Manny', '36', 'C', 'R/R', '5-10', '190', 'JR');
INSERT INTO player VALUES ('11500', '00008', 'Bradley', 'Martin', '15', 'C', 'R/R', '5-11', '185', 'SO');
INSERT INTO player VALUES ('13700', '00008', 'Sean', 'McCracken', '35', 'P', 'R/R', '6-4', '230', 'JR');
INSERT INTO player VALUES ('21000', '00001', 'P.J.', 'Mikulus', '21', 'P', 'L/L', '5-8', '180', 'SR');
INSERT INTO player VALUES ('33000', '00001', 'Connor', 'Morgan', '32', 'P', 'R/R', '6-4', '185', 'JR');
INSERT INTO player VALUES ('35000', '00001', 'Ryan', 'Mostoller', '34', 'P', 'R/R', '6-0', '155', 'FR');
INSERT INTO player VALUES ('32000', '00001', 'Gavin', 'ODonnel', '31', 'C', 'R/R', '5-9', '165', 'SR');
INSERT INTO player VALUES ('14400', '00008', 'Jonah', 'Offman', '41', 'P', 'R/R', '6-3', '215', 'FR');
INSERT INTO player VALUES ('16000', '00001', 'Ethan', 'Osgood', '16', 'P', 'R/R', '6-0', '210', 'FR');
INSERT INTO player VALUES ('39000', '00001', 'Joe', 'Otto', '38', 'OF', 'R/R', '6-0', '195', 'SO');
INSERT INTO player VALUES ('13200', '00008', 'Bradley', 'Parsons', '30', 'OF', 'R/R', '6-0', '200', 'SO');
INSERT INTO player VALUES ('12100', '00008', 'Brent', 'Peterson', '20', 'P', 'L/L', '6-2', '175', 'FR');
INSERT INTO player VALUES ('19000', '00001', 'Nick', 'Popolizio', '20', 'P', 'R/R', '5-10', '190', 'SR');
INSERT INTO player VALUES ('12500', '00008', 'Matthew', 'Ritchie', '24', 'IF', 'B/R', '5-7', '185', 'FR');
INSERT INTO player VALUES ('38000', '00001', 'Nick', 'Roberti', '37', 'P', 'B/R', '6-0', '170', 'JR');
INSERT INTO player VALUES ('11600', '00008', 'Alex', 'Ross', '16', 'P', 'L/L', '6-0', '200', 'SR');
INSERT INTO player VALUES ('14100', '00008', 'Ethan', 'Roth', '38', 'P', 'L/L', '6-3', '175', 'FR');
INSERT INTO player VALUES ('12900', '00008', 'Seamus', 'Ryan-Johnson', '28', 'P', 'R/R', '6-0', '195', 'JR');
INSERT INTO player VALUES ('14300', '00008', 'Austin', 'Sacks', '40', 'IF', 'L/R', '6-2', '200', 'FR');
INSERT INTO player VALUES ('11900', '00008', 'Mike', 'Smith', '19', 'IF', 'R/R', '6-0', '185', 'SR');
INSERT INTO player VALUES ('27000', '00001', 'Mike', 'Smith', '27', 'OF', 'R/L', '5-10', '185', 'FR');
INSERT INTO player VALUES ('14200', '00008', 'Stone', 'Streeter', '39', 'IF', 'L/R', '6-0', '175', 'FR');
INSERT INTO player VALUES ('20000', '00001', 'Matt', 'Tancredi', '2', 'OF', 'R/R', '5-7', '165', 'SR');
INSERT INTO player VALUES ('37000', '00001', 'Dan', 'Visnov', '36', 'C', 'R/R', '5-9', '185', 'FR');
INSERT INTO player VALUES ('24000', '00001', 'Sean', 'Weiss', '24', 'P', 'R/R', '6-2', '230', 'SR');
INSERT INTO player VALUES ('13100', '00008', 'Colby', 'Wilson', '29', 'OF', 'R/R', '6-0', '200', 'SR');
INSERT INTO player VALUES ('80000', '00001', 'Ryan', 'Zwier', '8', 'C', 'R/R', '6-2', '205', 'SO');
INSERT INTO player VALUES ('15100', '00003', 'Ethan', 'Lee-Tyson', '5', 'OF', 'R/R', '5-11', '185', 'JR');
INSERT INTO player VALUES ('15200', '00003', 'Michael', 'Schwarze', '30', 'OF', 'R/R', '6-2', '205', 'SR');
INSERT INTO player VALUES ('15300', '00003', 'Spencer', 'Sohmer', '9', 'IF', 'R/R', '5-11', '195', 'SR');
INSERT INTO player VALUES ('15400', '00003', 'Owen', 'Plambeck', '16', 'OF', 'R/R', '6-1', '200', 'SR');
INSERT INTO player VALUES ('15500', '00003', 'Matt', 'Goss', '10', 'OF', 'L/R', '6-1', '205', 'SR');
INSERT INTO player VALUES ('15600', '00003', 'Will', 'Karp', '1', 'IF', 'R/R', '6-0', '180', 'SO');
INSERT INTO player VALUES ('15700', '00003', 'Ben', 'Somorjai', '19', 'C', 'R/R', '5-11', '180', 'FR');
INSERT INTO player VALUES ('15800', '00003', 'Ben', 'Furlong', '4', 'IF', 'L/R', '6-1', '175', 'SR');
INSERT INTO player VALUES ('15900', '00003', 'Sam', 'Partee', '7', 'C', 'R/R', '6-0', '185', 'JR');
INSERT INTO player VALUES ('16100', '00003', 'Jared', 'Turner', '12', 'OF', 'R/R', '6-4', '225', 'JR');
INSERT INTO player VALUES ('16200', '00003', 'Harrison', 'Burns', '3', 'OF', 'R/R', '5-11', '185', 'SO');
INSERT INTO player VALUES ('16300', '00003', 'Tom', 'Phillips', '27', 'IF', 'R/R', '6-3', '215', 'JR');
INSERT INTO player VALUES ('16400', '00003', 'Nick', 'Perez', '17', 'IF', 'R/R', '6-1', '200', 'JR');
INSERT INTO player VALUES ('16500', '00007', 'Jackson', 'Roberts', '33', 'IF', 'R/R', '6-3', '200', 'JR');
INSERT INTO player VALUES ('16600', '00007', 'Charles', 'Levitt', '3', 'OF', 'L/R', '6-0', '175', 'JR');
INSERT INTO player VALUES ('16700', '00007', 'Conor', 'Elliot', '2', 'IF', 'R/R', '5-11', '185', 'JR');
INSERT INTO player VALUES ('16800', '00007', 'AJ', 'Liu', '1', 'OF', 'R/R', '5-9', '190', 'SO');
INSERT INTO player VALUES ('16900', '00007', 'Cole', 'Beeker', '23', 'IF', 'L/L', '6-3', '225', 'SO');
INSERT INTO player VALUES ('17100', '00007', 'Jared', 'Gillen', '5', 'IO', 'R/R', '6-2', '205', 'SO');
INSERT INTO player VALUES ('17200', '00007', 'Matt', 'Palmer', '7', 'IF', 'R/R', '5-9', '175', 'SR');
INSERT INTO player VALUES ('17300', '00007', 'Coleson', 'Hebble', '21', 'IF', 'R/R', '5-11', '175', 'FR');

INSERT INTO player VALUES ('17400', '00007', 'Michael', 'Sepe', '45', 'IF', 'B/R', '5-10', '180', 'FR');
INSERT INTO player VALUES ('17500', '00007', 'Sam', 'Jacobson', '32', 'C', 'R/R', '6-0', '180', 'FR');
INSERT INTO player VALUES ('17600', '00007', 'Kenji', 'Yoshii', '18', 'C', 'R/R', '5-9', '165', 'SO');
INSERT INTO player VALUES ('17700', '00007', 'Holden', 'Bridge', '17', 'OF', 'R/R', '6-0', '170', 'SO');




INSERT INTO hitter VALUES ('1', '36000', '9', '1', '0', '1', '0', '0', '0', '1', '2', '0', '0', '0', '1.000', '1.000', '1.000');
INSERT INTO hitter VALUES ('2', '17000', '9', '5', '3', '2', '0', '0', '0', '0', '1', '2', '0', '0', '.400', '.500', '.400');
INSERT INTO hitter VALUES ('3', '20000', '30', '98', '19', '37', '3', '1', '0', '24', '10', '10', '4', '2', '.378', '.448', '.429');
INSERT INTO hitter VALUES ('4', '23000', '30', '85', '31', '30', '5', '3', '3', '17', '11', '14', '10', '3', '.353', '.448', '.588');
INSERT INTO hitter VALUES ('5', '70000', '26', '80', '21', '28', '1', '1', '0', '14', '10', '13', '8', '1', '.350', '.441', '.388');
INSERT INTO hitter VALUES ('6', '90000', '20', '67', '13', '23', '6', '1', '1', '16', '8', '10', '1', '1', '.343', '.436', '.507');
INSERT INTO hitter VALUES ('7', '32000', '19', '53', '13', '18', '3', '1', '1', '15', '4', '9', '2', '0', '.340', '.417', '.491');
INSERT INTO hitter VALUES ('8', '80000', '31', '107', '21', '35', '12', '0', '4', '24', '18', '17', '1', '2', '.327', '.435', '.551');
INSERT INTO hitter VALUES ('9', '31000', '33', '107', '16', '31', '3', '2', '1', '24', '6', '15', '1', '0', '.290', '.330', '.383');
INSERT INTO hitter VALUES ('10', '60000', '10', '11', '5', '3', '0', '0', '1', '4', '2', '3', '0', '0', '.273', '.385', '.545');
INSERT INTO hitter VALUES ('11', '13000', '31', '82', '18', '22', '2', '2', '0', '19', '6', '19', '2', '2', '.268', '.326', '.341');
INSERT INTO hitter VALUES ('12', '29000', '33', '114', '34', '29', '8', '1', '1', '26', '21', '25', '4', '2', '.254', '.379', '.368');
INSERT INTO hitter VALUES ('13', '28000', '16', '8', '0', '2', '1', '0', '0', '5', '2', '1', '0', '0', '.250', '.400', '.375');
INSERT INTO hitter VALUES ('14', '30000', '31', '98', '20', '24', '4', '0', '0', '7', '16', '20', '9', '1', '.245', '.362', '.286');
INSERT INTO hitter VALUES ('15', '41000', '28', '46', '9', '11', '2', '0', '0', '8', '5', '13', '0', '2', '.239', '.308', '.383');
INSERT INTO hitter VALUES ('16', '34000', '10', '9', '1', '2', '0', '0', '0', '1', '5', '3', '1', '0', '.222', '.533', '.222');
INSERT INTO hitter VALUES ('17', '50000', '10', '9', '1', '2', '0', '0', '0', '2', '4', '2', '0', '0', '.222', '.429', '.222');
INSERT INTO hitter VALUES ('18', '39000', '20', '44', '5', '9', '2', '0', '0', '3', '7', '9', '1', '0', '.205', '.314', '.250');
INSERT INTO hitter VALUES ('19', '40000', '11', '16', '4', '3', '1', '0', '0', '3', '2', '5', '0', '0', '.188', '.278', '.250');
INSERT INTO hitter VALUES ('20', '10000', '23', '29', '8', '3', '0', '0', '0', '3', '9', '9', '5', '2', '.103', '.316', '.103');
INSERT INTO hitter VALUES ('21', '11000', '10', '1', '0', '0', '0', '0', '0', '0', '0', '0', '0', '0', '.000', '.000', '.000');
INSERT INTO hitter VALUES ('22', '15000', '15', '3', '3', '0', '0', '0', '0', '0', '0', '2', '1', '0', '.000', '.000', '.000');
INSERT INTO hitter VALUES ('23', '27000', '11', '1', '0', '0', '0', '0', '0', '0', '0', '0', '0', '0', '.000', '.000', '.000');
INSERT INTO hitter VALUES ('24', '37000', '1', '1', '0', '0', '0', '0', '0', '0', '0', '1', '0', '0', '.000', '.500', '.000');
INSERT INTO hitter VALUES ('25', '25000', '2', '0', '1', '0', '0', '0', '0', '0', '0', '0', '0', '0', '.000', '.000', '.000');
INSERT INTO hitter VALUES ('26', '11100', '31', '106', '24', '36', '5', '1', '5', '25', '16', '16', '5', '2', '.340', '.447', '.547');
INSERT INTO hitter VALUES ('27', '11800', '32', '111', '31', '37', '7', '0', '2', '15', '23', '20', '10', '2', '.333', '.464', '.450');
INSERT INTO hitter VALUES ('28', '97000', '33', '124', '18', '40', '4', '0', '1', '20', '13', '13', '4', '0', '.323', '.390', '.379');
INSERT INTO hitter VALUES ('29', '13300', '30', '108', '23', '33', '4', '1', '5', '24', '9', '28', '2', '0', '.306', '.366', '.500');
INSERT INTO hitter VALUES ('30', '11400', '28', '105', '18', '32', '7', '1', '2', '16', '7', '17', '7', '0', '.305', '.342', '.448');
INSERT INTO hitter VALUES ('31', '14200', '32', '119', '23', '36', '7', '0', '1', '23', '13', '17', '6', '0', '.303', '.394', '.387');
INSERT INTO hitter VALUES ('32', '99000', '33', '105', '21', '31', '3', '4', '3', '24', '24', '20', '5', '4', '.295', '.433', '.486');
INSERT INTO hitter VALUES ('33', '12200', '24', '71', '11', '18', '6', '0', '3', '13', '7', '26', '1', '0', '.254', '.325', '.465');
INSERT INTO hitter VALUES ('34', '13500', '25', '71', '10', '18', '4', '1', '1', '9', '10', '24', '0', '1', '.254', '.337', '.380');
INSERT INTO hitter VALUES ('35', '13900', '1', '1', '1', '1', '0', '0', '0', '0', '0', '0', '0', '0', '1.000', '1.000', '1.000');
INSERT INTO hitter VALUES ('36', '15100', '33', '134', '35', '51', '12', '1', '1', '23', '14', '8', '16', '3', '.381', '.447', '.507');
INSERT INTO hitter VALUES ('37', '15200', '30', '107', '16', '33', '8', '0', '6', '26', '8', '21', '1', '2', '.308', '.362', '.551');
INSERT INTO hitter VALUES ('38', '15300', '33', '109', '19', '33', '7', '2', '2', '30', '24', '23', '14', '4', '.303', '.459', '.459');
INSERT INTO hitter VALUES ('39', '15400', '31', '111', '20', '32', '5', '0', '3', '22', '13', '24', '10', '3', '.288', '.373', '.414');
INSERT INTO hitter VALUES ('40', '15500', '28', '73', '13', '21', '3', '1', '2', '10', '10', '10', '4', '1', '.288', '.388', '.438');
INSERT INTO hitter VALUES ('41', '15600', '33', '122', '27', '35', '2', '1', '1', '11', '16', '15', '27', '4', '.287', '.385', '.344');
INSERT INTO hitter VALUES ('42', '15700', '21', '69', '6', '17', '4', '0', '2', '15', '10', '16', '0', '1', '.246', '.338', '.391');
INSERT INTO hitter VALUES ('43', '15800', '33', '111', '23', '1', '5', '1', '2', '14', '11', '34', '8', '5', '.207', '.318', '.324');
INSERT INTO hitter VALUES ('44', '15900', '27', '85', '17', '1', '5', '0', '2', '13', '12', '35', '1', '1', '.200', '.313', '.329');
INSERT INTO hitter VALUES ('45', '16100', '10', '22', '6', '7', '2', '0', '0', '0', '4', '7', '4', '0', '.318', '.444', '.409');
INSERT INTO hitter VALUES ('46', '16200', '19', '44', '11', '12', '1', '0', '0', '0', '2', '2', '3', '1', '.273', '.319', '.295');
INSERT INTO hitter VALUES ('47', '16300', '12', '33', '5', '4', '2', '0', '0', '3', '3', '6', '1', '0', '.121', '.216', '.182');
INSERT INTO hitter VALUES ('48', '16400', '16', '27', '4', '3', '1', '1', '0', '3', '4', '7', '1', '0', '.111', '.226', '.222');
INSERT INTO hitter VALUES ('49', '16500', '31', '115', '20', '45', '10', '1', '5', '30', '10', '16', '2', '1', '.391', '.434', '.626');
INSERT INTO hitter VALUES ('50', '16600', '33', '116', '38', '40', '8', '2', '8', '30', '11', '26', '9', '1', '.345', '.472', '.655');
INSERT INTO hitter VALUES ('51', '16700', '33', '132', '30', '44', '8', '0', '0', '20', '13', '17', '4', '1', '.333', '.401', '.394');
INSERT INTO hitter VALUES ('52', '16800', '34', '143', '31', '43', '13', '1', '2', '31', '15', '15', '9', '0', '.301', '.362', '.448');
INSERT INTO hitter VALUES ('53', '16900', '34', '143', '27', '43', '10', '0', '3', '43', '14', '16', '14', '2', '.301', '.370', '.434');
INSERT INTO hitter VALUES ('54', '17100', '34', '143', '27', '40', '11', '2', '1', '23', '10', '22', '13', '3', '.280', '.333', '.406');
INSERT INTO hitter VALUES ('55', '17200', '33', '117', '27', '31', '8', '0', '1', '17', '12', '16', '2', '1', '.265', '.343', '.359');
INSERT INTO hitter VALUES ('56', '17300', '33', '113', '26', '25', '7', '3', '4', '19', '16', '30', '2', '1', '.221', '.338', '.442');
